temperature,holiday,offer,Predicted Sales
31,0,1,99.47664285714285
30,1,0,106.26383333333334
29,0,0,80.06833333333334
33,0,1,89.28666666666665
32,0,0,101.98916666666668
31,1,0,115.56333333333332
30,0,1,93.34676190476192
