Rice,Milk,Bread
99.73529106458562,150.50554637901584,124.66412734487739
110.42933202908205,154.39535714285714,128.23895238095236
96.93925277500277,151.44517422854918,119.17505290701733
112.87671428571431,161.62184126984127,129.28080555555553
102.83354365079362,148.90480952380955,129.51176190476187
102.33349094030322,150.77311679986684,122.16847535230512
101.55821878529967,155.23679561799577,123.1253705920842
